gene,D,chronos_hct116,pan_essentiality,CRA,CR,halflife_h,ZC,is_mito,E,L,R,F,Zc_dev,E_n,D_n,L_n,R_n,F_n,Zc_n,score,rank,apop_rank
IGF2R,0.0608114285714285,0.0872341067119128,0.0,18.0,20.0,,-0.0766092097593471,False,0.0872341067119128,18.0,20.0,0.0,0.03973317510089945,0.02026311716030117,0.02530704861747611,0.6,1.0,0.0,0.09924886358704202,0.25863349291268534,23,1
CASP8,0.0578514285714285,0.2288355837884712,0.0008278145695364,14.0,20.0,,-0.1362330734509643,True,0.22864615035818273,14.0,20.0,0.0,0.015239051986418867,0.05311092080372039,0.022740672113197986,0.4666666666666667,1.0,0.0,0.038053231618265106,0.24465813945598877,40,2
BCL2L2,0.0594285714285714,-0.3470893141068341,0.0397350993377483,3.0,20.0,,-0.0947255113024757,True,0.3332976857317281,3.0,20.0,0.0,0.056746614134907475,0.07741983393654626,0.024108085076867448,0.1,1.0,0.0,0.14175490263903265,0.20254612083597573,151,3
MGMT,0.1205203045685279,0.1131958131849602,0.0,3.0,20.0,,-0.1532091097308488,False,0.1131958131849602,3.0,20.0,0.0,0.03686672487060226,0.026293615090222298,0.07707578390660168,0.1,1.0,0.0,0.09208738111509428,0.2006151887548019,162,4
PDCD4,0.2865142857142857,-0.1848364924422641,0.0,10.0,2.46494,2.65,-0.0987544483985765,False,0.1848364924422641,10.0,2.46494,1.0,0.017587936461670048,0.04293462319991004,0.22099573426608074,0.3333333333333333,0.123247,1.0,0.043921638060611556,0.19986223914282783,170,5
FDXR,0.11776,-0.479920522336399,0.6605960264900662,27.0,3.54252,,-0.1405990016638935,True,0.16288693224993675,27.0,3.54252,0.0,0.010873123773489674,0.03783608403262039,0.07468254715345252,0.9,0.177126,0.0,0.02714548305867024,0.1966817635087554,187,6
DNM1L,0.0908268733850129,0.0430070473402962,0.5960264900662252,29.0,3.6338,,-0.1660649819494584,True,0.01737370786594747,29.0,3.6338,0.0,0.01459285651207523,0.004035640316225807,0.05133101224417866,0.9666666666666667,0.18169,0.0,0.03643878964608263,0.19068543525042544,231,7
CDKN1A,0.3315999999999999,0.257312078766393,0.0,0.0,2.90096,1.52,0.0,False,0.257312078766393,0.0,2.90096,1.0,0.11634238486024655,0.05976956714903852,0.2600859092057609,0.0,0.145048,1.0,0.2906477956468008,0.18224623268877985,280,8
TOP2A,0.1922971428571428,-2.216710653856963,0.995860927152318,22.0,2.61687,,-0.155317224447603,False,0.009175126878546772,22.0,2.61687,0.0,0.03897483958735644,0.002131238318455006,0.13930767287122042,0.7333333333333333,0.1308435,0.0,0.09735425316238074,0.17692591101502164,315,9
CCND1,0.1652114285714285,-1.9105286057010664,0.7284768211920529,2.0,3.96241,0.47,-0.1675675675675675,False,0.5187528002234685,2.0,3.96241,1.0,0.051225182707320946,0.12049815335275255,0.11582384153863684,0.06666666666666667,0.1981205,1.0,0.1279602677380727,0.16701268685432044,365,10
APP,0.1421714285714286,0.1466906801179107,0.0008278145695364,9.0,3.08317,1.09,-0.0604133545310015,False,0.14656924743569388,9.0,3.08317,1.0,0.055929030329245046,0.03404574133709856,0.09584772172155316,0.3,0.1541585,1.0,0.1397122674550292,0.164077427290347,384,11
BRCA1,0.1374742857142857,-0.656684626539237,0.4478476821192053,15.0,2.91317,12.36,-0.0458015267175572,False,0.3625899386603238,15.0,2.91317,0.0,0.07054085814268934,0.08422396566155485,0.09177520919932028,0.5,0.1456585,0.0,0.17621816860868386,0.1584594358886967,428,12
ERBB2,0.0861028571428571,-0.3805083110393185,0.1771523178807947,20.0,2.53931,,-0.1045169798878997,False,0.31310038176579685,20.0,2.53931,0.0,0.011825404972346854,0.07272831645548297,0.047235199984145944,0.6666666666666666,0.1269655,0.0,0.029524643541520842,0.1565101121089647,441,13
VDAC2,0.0571885714285714,-0.3826744417462107,0.0637417218543046,12.0,7.7346,,-0.1048097631012204,True,0.3582821139196724,12.0,7.7346,0.0,0.04666236233616278,0.0832233254221341,0.022165962316873195,0.4,0.38673,0.0,0.11656060771072682,0.15545431670723853,446,14
SPTAN1,0.0405485714285714,-0.2505638778901329,0.0182119205298013,21.0,3.1255,,-0.0712501007495768,False,0.246000628458359,21.0,3.1255,0.0,0.04509228411066975,0.05714209434643897,0.0077387646712016025,0.7,0.156275,0.0,0.11263795537488307,0.15353740547403633,458,15
CDC25B,0.2565198237885462,-0.2298694854285898,0.1829470198675496,0.0,2.55623,0.55,-0.0798304486047333,False,0.18781554811094217,0.0,2.55623,1.0,0.036511936255513244,0.04362661118851679,0.19498996320368803,0.0,0.1278115,1.0,0.09120098426740048,0.14531674653103147,533,16
DAP3,0.0522171428571428,-0.4141543330254265,0.7698675496688742,6.0,12.2743,,-0.1571498291849682,True,0.09531035147439451,6.0,12.2743,0.0,0.005677703747585028,0.02213910236844783,0.017855638844436948,0.2,0.613715,0.0,0.01416534858549475,0.13476393979314016,634,17
SQSTM1,0.2157828571428571,0.1128653477772416,0.0140728476821192,8.0,3.76154,,-0.0319767441860465,False,0.11127701092938305,8.0,3.76154,0.0,0.08436564067420005,0.025847907369036905,0.15967023548238465,0.26666666666666666,0.188077,0.0,0.21075773142106116,0.13440487942647952,642,18
PRF1,0.2578472222222221,0.1371925933667986,0.0008278145695364,0.0,0.0,2.03,-0.059347181008902,False,0.13707902333917707,0.0,0.0,1.0,0.056995203851344545,0.031841310868402396,0.19614084298476958,0.0,0.0,1.0,0.14237597426209933,0.12551344486905655,776,19
MCL1,0.2194067796610169,-0.4515380726967425,0.6365894039735099,1.0,0.0,0.78,-0.1182926829268292,True,0.1640937201273758,1.0,0.0,1.0,0.033179442510553964,0.03811640196180989,0.16281224548371226,0.03333333333333333,0.0,1.0,0.08287514791058816,0.11942235162918606,903,20
LMNA,0.0882971428571428,-0.1298397304261546,0.1175496688741721,11.0,3.57493,,-0.0216491563196434,False,0.11457711310784836,11.0,3.57493,0.0,0.09469322854060315,0.026614469435225583,0.04913768758577294,0.36666666666666664,0.1787465,0.0,0.2365599723603981,0.11636562072431945,968,21
CREBBP,0.0517942857142857,-0.605276255990202,0.1084437086092715,8.0,3.38579,19.74,-0.0534451139638459,False,0.5396378540574897,8.0,3.38579,0.0,0.06289727089640065,0.12534942436003824,0.017489013629540112,0.26666666666666666,0.1692895,0.0,0.15712158164948017,0.11610103547934753,979,22
GPX4,0.0914742857142857,0.1295738234551779,0.6043046357615894,8.0,7.24327,,-0.1561866125760649,True,0.05127176126786012,8.0,7.24327,0.0,0.004714487138681722,0.011909627377932034,0.05189233109229545,0.26666666666666666,0.36216349999999997,0.0,0.011758867290811749,0.11405305590560881,1018,23
ERBB3,0.1846422338568935,0.1190088516370787,0.0794701986754966,2.0,0.0,6.69,-0.068869241507678,False,0.10955119455333734,2.0,0.0,1.0,0.04747314335256855,0.025447027246076868,0.13267072064127888,0.06666666666666667,0.0,1.0,0.11858624694081243,0.11336463671324735,1036,24
WEE1,0.1830219146482122,-2.2842092731889254,1.0,3.0,0.0,3.78,-0.0553588670743482,False,0.0,3.0,0.0,1.0,0.06098351778589835,0.0,0.13126587295662,0.1,0.0,1.0,0.15234029878901453,0.11199677682643673,1085,25
MADD,0.0592228571428571,0.07910578743495,0.0016556291390728,12.0,5.08417,,-0.1075776397515528,False,0.0789748175882034,12.0,5.08417,0.0,0.008764745108693753,0.018344613612976256,0.0239297268642149,0.4,0.2542085,0.0,0.02187795156882501,0.1119074747215986,1086,26
RETSAT,0.1308228571428571,-0.2467187989385216,0.0091059602649006,6.0,3.53859,,-0.2053482997689006,False,0.24447218735878343,6.0,3.53859,0.0,0.08900591490865405,0.05678706140988814,0.08600829365688835,0.2,0.17692950000000002,0.0,0.22235090064613006,0.11049557655233944,1121,27
RARA,0.1508961593172119,0.0873127512090164,0.0082781456953642,4.0,0.0,6.43,-0.1321942446043165,False,0.08658996353344507,4.0,0.0,1.0,0.015851859744069954,0.02011349278532585,0.10341222982700289,0.13333333333333333,0.0,1.0,0.03958425838046249,0.10903692970272176,1167,28
CTNNB1,0.0668228571428571,-0.6834794185145845,0.1233443708609271,8.0,2.0529,,-0.1130458076613983,False,0.5991760796415108,8.0,2.0529,0.0,0.0032965771988482523,0.13917922197015933,0.03051907194276683,0.26666666666666666,0.10264500000000001,0.0,0.008216389185456653,0.10671705763315067,1227,29
BTG3,0.1493205128205128,-0.0561012680231063,0.0008278145695364,0.0,2.19476,1.15,-0.1329258976317799,False,0.0560548265760673,0.0,2.19476,1.0,0.016583512771533346,0.013020658560330084,0.10204611423640267,0.0,0.109738,1.0,0.041412205810473626,0.1030513421295435,1331,30
CDKN1B,0.2382866043613707,-0.2747347217121193,0.0082781456953642,0.0,0.0,,0.0427807486631016,False,0.27246042765821105,0.0,0.0,0.0,0.15912313352334814,0.06328829141813348,0.1791814139012385,0.0,0.0,0.0,0.3975303706342756,0.09261743012752538,1711,31
TNFRSF12A,0.2269467455621301,-0.1947742408347253,0.0273178807947019,0.0,2.78354,,-0.1685575364667747,False,0.18945342134172372,0.0,2.78354,0.0,0.05221515160652816,0.044007063495762284,0.1693495398525214,0.0,0.139177,0.0,0.13043358642489702,0.09140521032572994,1773,32
F2,0.1832914285714285,-0.1224353987025792,0.0140728476821192,3.0,2.82854,,-0.0587084148727984,False,0.12071238398573826,3.0,2.82854,0.0,0.057633969987448144,0.028039596799909076,0.13149954667287614,0.1,0.141427,0.0,0.14397185492279563,0.09127438578797534,1776,33
IL18,0.0765371428571428,-0.3999032718726781,0.0273178807947019,4.0,4.16148,,-0.1182466870540265,False,0.388978761962249,4.0,4.16148,0.0,0.001904302193779947,0.09035367614343423,0.038941543095803124,0.13333333333333333,0.208074,0.0,0.004737956893299303,0.09023656361643617,1817,34
PTK2,0.0424,-0.211140342954777,0.5248344370860927,12.0,2.47196,,-0.1302043906131718,False,0.10032661991394205,12.0,2.47196,0.0,0.013862005752925247,0.023304302986982873,0.009343988585074429,0.4,0.12359800000000001,0.0,0.03461284658733304,0.09006482980098385,1821,35
DAP,0.2470464135021096,-0.377201169548682,0.0165562913907284,0.0,0.0,,-0.0533880903490759,False,0.3709561170727104,0.0,0.0,0.0,0.06295429451117066,0.08616729791706843,0.18677633564473614,0.0,0.0,0.0,0.15726404831900268,0.0897462924844915,1839,36
IGFBP6,0.2202233902759526,-0.2486332401599643,0.0024834437086092,0.0,0.0,,0.043560606060606,False,0.24801577350393791,0.0,0.0,0.0,0.15990299092085256,0.05761018098929778,0.16352026247537277,0.0,0.0,0.0,0.3994787509074847,0.08631307058477539,2006,37
CASP2,0.1342971428571428,0.1381744518697093,0.0,3.0,4.49997,11.81,-0.1246077991931869,False,0.1381744518697093,3.0,4.49997,0.0,0.008265414332940355,0.032095761764864436,0.0890205656927978,0.1,0.22499850000000002,0.0,0.0206304334502595,0.08611619490981165,2013,38
FAS,0.1457028571428571,-0.320854219058017,0.0016556291390728,2.0,2.76802,,-0.0985828712261244,False,0.3203230034635501,2.0,2.76802,0.0,0.017759513634122148,0.07440601839091325,0.0989095377054216,0.06666666666666667,0.138401,0.0,0.0443503030693791,0.0849723319823694,2064,39
SLC20A1,0.14984,-0.1403252953394339,0.1506622516556291,0.0,4.13621,,-0.216021602160216,False,0.11918357037935362,0.0,4.13621,0.0,0.09967921729996944,0.027684477335858854,0.10249651953765593,0.0,0.2068105,0.0,0.24901686790601799,0.08252671745735532,2199,40
F2R,0.1835874439461883,-0.1089990729964062,0.0223509933774834,1.0,1.9194,,-0.2417279411764706,False,0.1065628354377117,1.0,1.9194,0.0,0.12538555631622406,0.02475287821240874,0.1317561976535142,0.03333333333333333,0.09597,0.0,0.31324107607019286,0.08201027656328652,2226,41
CASP7,0.0617942857142857,-0.1253275863661389,0.0008278145695364,9.0,2.26971,,-0.0930232558139534,False,0.12522383836418016,9.0,2.26971,0.0,0.023319129046293144,0.029087537015948888,0.026159204522371592,0.3,0.11348549999999999,0.0,0.05824033608101283,0.0815088642655468,2259,42
ETF1,0.0664342857142857,-2.127740451280313,0.9991721854304636,5.0,5.32539,,-0.1660583941605839,False,0.0017613745457617984,5.0,5.32539,0.0,0.04971600930033736,0.00040913972904900025,0.0301821730966454,0.16666666666666666,0.2662695,0.0,0.12418977879428872,0.08032730778742275,2323,43
IFNGR1,0.220622009569378,-0.2411070579135054,0.0016556291390728,2.0,0.0,,-0.1490066225165563,False,0.24070787404278768,2.0,0.0,0.0,0.032664237656309755,0.055912670364628686,0.16386587301212915,0.06666666666666667,0.0,0.0,0.08158797030878143,0.0800129615284664,2340,44
GSN,0.1037142857142857,0.1791236184142515,0.0024834437086092,4.0,3.52738,,-0.0993690851735015,False,0.17867877499103732,4.0,3.52738,0.0,0.016973299686745047,0.041504281847687535,0.0625046447451212,0.13333333333333333,0.176369,0.0,0.04238604171788925,0.07977733006373708,2358,45
DNAJA1,0.1095953757225433,-0.4693243839960112,0.3874172185430463,2.0,3.45225,19.14,-0.0882956878850102,False,0.287500036553848,2.0,3.45225,0.0,0.028046696975236346,0.06678175708866327,0.06760366204807292,0.06666666666666667,0.1726125,0.0,0.07005159814313447,0.07971008064817758,2365,46
JUN,0.3059230769230769,-0.1001908039610776,0.1879139072847682,0.0,0.0,,-0.1068211068211068,False,0.08136355851474927,0.0,0.0,0.0,0.009521278039139741,0.018899480729573846,0.23782352674401366,0.0,0.0,0.0,0.023768058455585255,0.07820530516485551,2457,47
BCL10,0.0976342857142857,-0.4289261720018621,0.0173841059602649,0.0,3.71298,31.17,-0.1003521126760563,False,0.421469673978651,0.0,3.71298,0.0,0.015990272184190246,0.09790080629297107,0.05723316868227965,0.0,0.185649,0.0,0.039930065278954575,0.07638404575652294,2591,48
EREG,0.2130058479532164,-0.0323826780396036,0.0,0.0,2.43153,17.61,-0.159334126040428,False,0.0323826780396036,0.0,2.43153,0.0,0.04299174118018144,0.007521989091351487,0.15726251550385142,0.0,0.1215765,0.0,0.10739000052840868,0.0730413264049813,2860,49
ATF3,0.2996963562753036,0.0124964546996218,0.0,0.0,0.0,,-0.1192350956130483,False,0.0124964546996218,0.0,0.0,0.0,0.002892710752801758,0.0029027307690909507,0.23242484107876069,0.0,0.0,0.0,0.0072073772571142145,0.0709586404172112,3026,50
HMGB2,0.1105028571428571,-0.0244658607114198,0.0,2.0,3.92822,,-0.048076923076923,False,0.0244658607114198,2.0,3.92822,0.0,0.06826546178332354,0.005683036380028729,0.06839046576265477,0.06666666666666667,0.196411,0.0,0.1705333634192903,0.07021036881376956,3088,51
GSR,0.0674514285714285,-0.0715048861597308,0.0016556291390728,7.0,2.57342,,-0.1627906976744186,True,0.07138650058661866,7.0,2.57342,0.0,0.011318572237035418,0.016581966384176024,0.031064055370316212,0.23333333333333334,0.128671,0.0,0.028258382675806857,0.07000737566013801,3113,52
DPYD,0.2101287553648068,0.0942308696450177,0.0057947019867549,2.0,0.0,,-0.1686211079660331,False,0.09368482983747208,2.0,0.0,0.0,0.05227872310578656,0.02176151914306626,0.15476802130806525,0.06666666666666667,0.0,0.0,0.13059241219931392,0.06948848274530514,3170,53
CASP3,0.0528228571428571,0.15727425552336,0.0033112582781456,3.0,4.1877,,-0.1036717062634989,True,0.1567534798428191,3.0,4.1877,0.0,0.047800419173884265,0.0364113790702254,0.018380804692802753,0.1,0.20938500000000002,0.0,0.11940390636956232,0.06881560044738656,3232,54
SOD1,0.1175885714285714,-1.5238231908855124,0.9759933774834436,3.0,1.8107,,-0.0321637426900584,True,0.03658184812556294,3.0,1.8107,0.0,0.11930838274732478,0.00849739055569876,0.07453391530957539,0.1,0.090535,0.0,0.2980579860124443,0.06839254106020447,3269,55
H1-0,0.2099428571428571,0.0092797587245628,0.0074503311258278,0.0,0.0,,-0.2866379310344827,False,0.009210621449297017,0.0,0.0,0.0,0.17029554617423615,0.002139483151499976,0.15460684400097108,0.0,0.0,0.0,0.4254433050794713,0.06829606339971489,3289,56
TIMP3,0.1848684210526316,0.122203964371389,0.0,3.0,0.0,,-0.153987167736022,False,0.122203964371389,3.0,0.0,0.0,0.037644782875775454,0.02838606756974526,0.13286682925773524,0.1,0.0,0.0,0.0940312658221484,0.06807743233935157,3318,57
XIAP,0.0804342857142857,-0.1187413706679388,0.0107615894039735,3.0,3.43572,27.12,-0.0665330661322645,False,0.11746352479154541,3.0,3.43572,0.0,0.04980931872798204,0.02728493767665286,0.04232044034660948,0.1,0.171786,0.0,0.12442290121988743,0.06787065846797308,3336,58
TIMP1,0.170233918128655,-0.0269955880692427,0.0,2.0,2.05421,,-0.1523625843780135,False,0.0269955880692427,2.0,2.05421,0.0,0.03602019951776696,0.0062706524371801955,0.12017843586047747,0.06666666666666667,0.1027105,0.0,0.08997243894295656,0.06783992343644511,3340,59
HMOX1,0.2552685714285714,0.0543794053215275,0.0008278145695364,0.0,0.0,17.2,-0.1613559322033898,False,0.054334389257519614,0.0,0.0,0.0,0.045013547343143265,0.012621027908206657,0.19390510352207926,0.0,0.0,0.0,0.1124412409946441,0.06757990147881797,3364,60
ROCK1,0.0406742857142857,0.1337293060183142,0.0140728476821192,7.0,2.45557,,-0.0964835803545481,False,0.13184735386408294,7.0,2.45557,0.0,0.01985880450569845,0.030626075961854925,0.007847761356711495,0.23333333333333334,0.12277849999999998,0.0,0.04959512979667059,0.06743868268540346,3380,61
PSEN2,0.1515497553017944,0.2118121207508103,0.0,1.0,0.0,,-0.2476107732406603,False,0.2118121207508103,1.0,0.0,0.0,0.13126838838041377,0.04920063929719143,0.10397891002231474,0.03333333333333333,0.0,0.0,0.3279386271624157,0.06735079615397263,3387,62
DFFA,0.0694857142857142,-0.0354667265872825,0.0,4.0,4.25794,,-0.0965079365079365,False,0.0354667265872825,4.0,4.25794,0.0,0.019834448352310047,0.008238365281871244,0.03282781991765793,0.13333333333333333,0.21289699999999998,0.0,0.04953427886553232,0.06673111950313536,3451,63
RELA,0.05176,-0.3320693189071303,0.2748344370860927,5.0,2.48639,,-0.1110694183864915,False,0.24080523457172698,5.0,2.48639,0.0,0.005272966473755053,0.0559352856911225,0.0174592872607647,0.16666666666666666,0.1243195,0.0,0.01315416099826887,0.06632400493547959,3483,64
TAP1,0.08152,-0.2485326705231264,0.0091059602649006,1.0,2.69781,,-0.2033342443290516,False,0.24626954190081315,1.0,2.69781,0.0,0.08699185946880504,0.05720455872872953,0.0432617753578312,0.03333333333333333,0.1348905,0.0,0.21731902443298046,0.06623942644761724,3492,65
CCNA1,0.2510251046025104,0.011410138691677,0.0,0.0,0.0,,-0.1773440814594823,False,0.011410138691677,0.0,0.0,0.0,0.06100169659923575,0.0026503965689507417,0.1902259367791446,0.0,0.0,0.0,0.15238571637614046,0.06548218582323562,3573,66
PAK1,0.0486971428571428,-0.4188514868106596,0.0149006622516556,2.0,2.59093,,-0.1380863039399625,False,0.41261032227209016,2.0,2.59093,0.0,0.021743919079715943,0.09584291760286036,0.014803731650160263,0.06666666666666667,0.1295465,0.0,0.054304862704902465,0.06534121291115132,3594,67
TIMP2,0.1754491725768321,0.0674157735383738,0.0,0.0,2.48692,,-0.1518518518518518,False,0.0674157735383738,0.0,2.48692,0.0,0.035509466991605246,0.015659628660745484,0.12470016102251587,0.0,0.124346,0.0,0.0886964349170358,0.0651946586508302,3604,68
RHOB,0.1377714285714285,-0.0033261086200334,0.0033112582781456,4.0,1.76015,,-0.1475409836065573,False,0.0033150950153313027,4.0,1.76015,0.0,0.031198598746310743,0.0007700446674490357,0.09203283772870723,0.13333333333333333,0.0880075,0.0,0.07792624708985979,0.06493830207333987,3632,69
GPX1,0.1054057142857143,-0.0235057511854604,0.0016556291390728,4.0,2.76182,,-0.1330603889457523,True,0.023466834378861955,4.0,2.76182,0.0,0.01841173649163086,0.005450978204781991,0.0639711456047087,0.13333333333333333,0.13809100000000002,0.0,0.04597980373626074,0.06383927732966024,3771,70
IFITM3,0.2059428571428571,-0.548637393507698,0.8658940397350994,0.0,0.0,,-0.2212257100149476,False,0.073575544493582,0.0,0.0,0.0,0.10488332515470104,0.01709044700979105,0.15113876764383846,0.0,0.0,0.0,0.26201870787863174,0.06356969979002045,3806,71
CASP9,0.1203292181069958,-0.005274688976427,0.0016556291390728,5.0,1.48202,,-0.1205291523762861,True,0.005265956047658081,5.0,1.48202,0.0,0.03094297306109707,0.0012231991405274568,0.07691010829674978,0.16666666666666666,0.074101,0.0,0.07728759694178185,0.06341952207827226,3829,72
CASP6,0.0603657142857142,0.249096366327559,0.0024834437086092,5.0,1.4159,,-0.1095334685598377,False,0.24847774952376542,5.0,1.4159,0.0,0.006808916300408849,0.057717490785521505,0.02492060582339561,0.16666666666666666,0.070795,0.0,0.016991547618524925,0.06126025636360138,4113,73
CD44,0.0630742857142857,-0.1775266751753839,0.0182119205298013,2.0,1.60333,,0.0314195944015995,False,0.17429357347516997,2.0,1.60333,0.0,0.14776197926184603,0.040485668194876256,0.02726898895665402,0.06666666666666667,0.0801665,0.0,0.3691458878880302,0.06080866653986059,4181,74
ANXA1,0.0739542857142857,-0.1694552498203139,0.0,3.0,2.46655,,-0.1515863689776733,False,0.1694552498203139,3.0,2.46655,0.0,0.035243984117426755,0.03936180136373443,0.03670215664805468,0.1,0.12332749999999999,0.0,0.0880331577633158,0.06071997029170252,4195,75
ADD1,0.0895542857142857,-0.0087686542596304,0.0,4.0,3.08056,11.2,-0.1041080472706809,False,0.0087686542596304,4.0,3.08056,0.0,0.012234337589565644,0.002036821093243343,0.0502276544408718,0.13333333333333333,0.154028,0.0,0.030546312691560978,0.06031085829481259,4246,76
LGALS3,0.1255657142857142,0.1274221431145741,0.0,1.0,2.40551,,-0.0929839391377852,False,0.1274221431145741,1.0,2.40551,0.0,0.023358445722461346,0.029598168790495344,0.0814502504446569,0.03333333333333333,0.12027550000000001,0.0,0.05833856408590118,0.05927277897484073,4385,77
CDK2,0.0789828571428571,-0.3602586127205867,0.7110927152317881,1.0,2.56922,,-0.2309172546504169,False,0.1040813376154675,1.0,2.56922,0.0,0.11457486979017036,0.0241764651212399,0.04106202406844992,0.03333333333333333,0.128461,0.0,0.2862318710096088,0.05815229030738739,4564,78
SC5D,0.1808023952095808,0.0118097419222415,0.0074503311258278,1.0,0.0,,-0.2212968471148126,False,0.01172175543441023,1.0,0.0,0.0,0.10495446225456605,0.0027227802592883718,0.12934150723429158,0.03333333333333333,0.0,0.0,0.26219643539973214,0.05772910801806059,4637,79
CAV1,0.1100228571428571,-0.124766197728672,0.0016556291390728,0.0,1.63207,,-0.2194092827004219,False,0.12455963117614109,0.0,1.63207,0.0,0.10306689784017535,0.028933252085693372,0.06797429659979885,0.0,0.0816035,0.0,0.2574805818588424,0.05418681869858978,5213,80
CTH,0.1063085714285714,-0.1391454784301179,0.0,4.0,0.0,,-0.1471774193548387,False,0.1391454784301179,4.0,0.0,0.0,0.030835034494592142,0.03232131603143477,0.06475393998246146,0.13333333333333333,0.0,0.0,0.07701792536545307,0.05297347307244152,5392,81
PPT1,0.1297257142857142,0.0412800977630329,0.0024834437086092,0.0,2.34922,,-0.1713173264114211,False,0.04117758096395253,0.0,2.34922,0.0,0.054974941551174564,0.009564907338432255,0.08505704985607479,0.0,0.117461,0.0,0.13732859095207964,0.0528721667059561,5405,82
TGFBR3,0.1829758713136729,0.1429976637046505,0.0041390728476821,0.0,0.0,,-0.1400143850395588,False,0.1424057859575286,0.0,0.0,0.0,0.023672000179312244,0.03307863442325035,0.1312259525066402,0.0,0.0,0.0,0.05912194232948784,0.052247473195441554,5504,83
ISG20,0.2152755905511811,0.0576995626698059,0.0008278145695364,0.0,0.0,,-0.1149943630214205,False,0.05765179813117196,0.0,0.0,0.0,0.0013480218388260412,0.013391610048715474,0.15923042566404597,0.0,0.0,0.0,0.0033481570742114877,0.051954018567539006,5553,84
CASP4,0.1277966101694915,0.0750267497255199,0.0,4.0,0.0,18.34,-0.1134453781512605,False,0.0750267497255199,4.0,0.0,0.0,0.002897006708986044,0.01742753926357559,0.08338447976209502,0.13333333333333333,0.0,0.0,0.00721811018894357,0.05060451121714837,5762,85
GCH1,0.2024534161490683,-0.0643379013302361,0.0091059602649006,0.0,0.0,,-0.1258169934640522,False,0.06375204295719587,0.0,0.0,0.0,0.009474608603805654,0.014808601409955185,0.14811335569129644,0.0,0.0,0.0,0.02365146046285258,0.05005916015351811,5852,86
BCL2L1,0.1041142857142857,-1.9767000101830967,0.8650662251655629,0.0,0.0,,-0.0623376623376623,True,0.26672359408927554,0.0,0.0,0.0,0.08913446309972087,0.06195571480196675,0.06285145238083444,0.0,0.0,0.0,0.22267206290019445,0.04857575329985008,6090,87
PSEN1,0.1003236994219653,-0.2678968844335672,0.0082781456953642,0.0,0.0,,-0.212234706616729,False,0.26567919499289194,0.0,0.0,0.0,0.09589232175648245,0.06171311724408698,0.059564941705817616,0.0,0.0,0.0,0.23955576309731272,0.04836120583983701,6140,88
CLU,0.2047866205305651,0.0122992105413196,0.0,0.0,0.0,,-0.0971379011274935,False,0.0122992105413196,0.0,0.0,0.0,0.019204483732753047,0.002856914039379237,0.15013628842925322,0.0,0.0,0.0,0.047960387739420934,0.048295980127560784,6149,89
RNASEL,0.0977684964200477,-0.0857285280307731,0.0008278145695364,1.0,2.55246,,-0.1148740178813329,False,0.08565756070624432,1.0,2.55246,0.0,0.0014683669789136433,0.01989691020724593,0.05734953192616147,0.03333333333333333,0.127623,0.0,0.003648824988209109,0.04749982388943267,6269,90
RHOT2,0.0662285714285714,-0.0005222603346714,0.0057947019867549,5.0,1.54507,,-0.1461006910167818,True,0.0005192339916724764,5.0,1.54507,0.0,0.0053714344206013676,0.00012060992659231791,0.030003814883992858,0.16666666666666666,0.0772535,0.0,0.013400171366052389,0.04629536101147817,6475,91
PPP3R1,0.0979885714285714,-0.0945466177901823,0.0132450331125827,1.0,1.92686,,-0.136150234741784,False,0.09329434470686862,1.0,1.92686,0.0,0.019807849881537457,0.021670815561072768,0.05754034115962566,0.03333333333333333,0.096343,0.0,0.04946782577306095,0.045688188304862584,6580,92
BCAP31,0.0686171428571428,-0.3232715509018444,0.1200331125827814,0.0,0.0,,-0.2375296912114014,False,0.28446826043763296,0.0,0.0,0.0,0.12118730635115486,0.06607752296554043,0.03207475190868058,0.0,0.0,0.0,0.302752251523401,0.04458329503843635,6787,93
BID,0.1295260115606936,-0.0719179062511555,0.0115894039735099,0.0,0.0,,-0.0445859872611464,True,0.07108442058268184,0.0,0.0,0.0,0.10688613817623677,0.016511797928943594,0.08488390378130008,0.0,0.0,0.0,0.26702249625657604,0.0437698353259019,6915,94
ENO2,0.0716914285714285,-0.1259871045122408,0.0008278145695364,4.0,0.0,,-0.1340354236476783,False,0.12588281055155184,4.0,0.0,0.0,0.01769303878743174,0.029240605937514045,0.03474021630887677,0.13333333333333333,0.0,0.0,0.04418422362925241,0.04140345785537986,7319,95
PPP2R5B,0.0976447368421052,-0.0651679019824886,0.0149006622516556,2.0,0.0,,-0.1910974673829624,False,0.06419685708539855,2.0,0.0,0.0,0.07475508252271586,0.014911924767459082,0.05724223000960369,0.06666666666666667,0.0,0.0,0.1867469033173572,0.040983591598986686,7388,96
ANKH,0.1079904306220095,0.0383259579907211,0.0306291390728476,0.0,0.0,,-0.2628205128205128,False,0.03715206689332319,0.0,0.0,0.0,0.1464781279602662,0.008629843447505017,0.06621214400865866,0.0,0.0,0.0,0.36593833922883096,0.04074951319829065,7427,97
SATB1,0.1422093023255813,0.0127154988683157,0.0173841059602649,1.0,0.0,,-0.0920212765957446,False,0.012494451288651271,1.0,0.0,0.0,0.024321108264501942,0.0029022654080900047,0.09588055898938637,0.03333333333333333,0.0,0.0,0.060743661110910264,0.037672030374788425,7892,98
SOD2,0.0872457142857142,-1.040594282571307,0.7649006622516556,0.0,0.0,,-0.1235452103849597,True,0.2446430266972278,0.0,0.0,0.0,0.027926915052423465,0.056826744713368495,0.048226078943326645,0.0,0.0,0.0,0.06975233736001886,0.03500346396500948,8269,99
CYLD,0.0918728323699421,0.0031531586841506,0.0198675496688741,3.0,0.0,,-0.145370758273984,False,0.0030905131473793965,3.0,0.0,0.0,0.029028373413737443,0.0007178778158136156,0.05223787865071951,0.1,0.0,0.0,0.0725041991104015,0.03451193689548001,8321,100
PEA15,0.1103657142857142,-0.076076271156215,0.021523178807947,0.0,0.0,,-0.1859070464767616,False,0.07443886796907792,0.0,0.0,0.0,0.06956466161651505,0.017290983536048885,0.06827156028755305,0.0,0.0,0.0,0.17377925854581885,0.03435772607437153,8346,101
DNAJC3,0.0711657142857142,0.0357682904407409,0.0132450331125827,1.0,1.55794,,-0.1192624558650451,False,0.03529453824947281,1.0,1.55794,0.0,0.0029200710047985468,0.008198368626959678,0.034284411987653605,0.03333333333333333,0.07789700000000001,0.0,0.0072757335687054885,0.029793170862819258,8845,102
HSPB1,0.1089142857142857,0.0258968121542251,0.0008278145695364,0.0,0.0,,-0.0905511811023622,False,0.025875374395819283,0.0,0.0,0.0,0.02579120375788435,0.006010444340086789,0.06701314400939355,0.0,0.0,0.0,0.06441651856947354,0.025127902433317778,9223,103
DIABLO,0.1011085714285714,-0.053331453734015,0.0066225165562913,0.0,0.0,,-0.1323283082077052,True,0.0529782652986904,0.0,0.0,0.0,0.01914381722967798,0.012306021545472905,0.060245440718189075,0.0,0.0,0.0,0.047808819749921454,0.024155879666594663,9269,104
BAX,0.0739542857142857,-0.0638699384672633,0.0,0.0,0.0,,-0.1707060063224446,True,0.0638699384672633,0.0,0.0,0.0,0.019233880885061422,0.01483598669104781,0.03670215664805468,0.0,0.0,0.0,0.048033833002400356,0.017863134651850764,9560,105
